Box,Section,x,y,edge.EDI.,altitude.m.,northness,No_trees_75m,Pnum,area_polygon.G
B1,B,447796.72,207573.76,77.4375,109.493,0.442280864,15,19961B1,7542.146928
B1,B,447796.72,207573.76,77.4375,109.493,0.442280864,15,19871B1,4216.952173
B1,B,447796.72,207573.76,77.4375,109.493,0.442280864,15,20131B1,2855.800326